{"user_name": "arif", "user_age": "", "user_DOB": "", "user_gender": "", "user_phone_number": "", "user_email_id": "160220k024@gmail.com", "user_college_name": "", "user_college_course_year": "", "user_college_course_name": "", "user_college_course_dept": ""}
{"user_name": "rafiun", "user_age": "", "user_DOB": "", "user_gender": "", "user_phone_number": "", "user_email_id": "160220k024@gmail.com", "user_college_name": "", "user_college_course_year": "", "user_college_course_name": "", "user_college_course_dept": ""}
